id,first_name,last_name,email,Department,Annual Income
1,Cheryl,Wadworth,cwadworth0@bloomberg.com,Computers,159284.21
2,Alidia,Mackriell,amackriell1@cbslocal.com,Jewelery,169432.37
3,Evy,Gouldthorpe,egouldthorpe2@pbs.org,Sports,184318.94
4,Geri,Pottell,gpottell3@harvard.edu,Beauty,64449.91
5,Johan,Ewers,jewers4@freewebs.com,Electronics,144853.57
6,Regine,Hoyland,rhoyland5@umn.edu,Electronics,144955.45
7,Tobe,Hayto,thayto6@amazon.co.jp,Baby,153556.45
8,Marlie,Bazeley,mbazeley7@mapquest.com,Tools,75170.87
9,Gale,Miklem,gmiklem8@nbcnews.com,Books,59844.74
10,Ahmed,Harle,aharle9@mediafire.com,Industrial,188388.79
11,Darius,Filisov,dfilisova@ucoz.com,Movies,143091.93
12,Hinda,Blenkin,hblenkinb@163.com,Outdoors,74592.61
13,Jesselyn,Siseland,jsiselandc@yelp.com,Clothing,73581.24
14,Kerwin,Towriss,ktowrissd@vk.com,Health,94249.82
15,Reagan,Razzell,rrazzelle@jiathis.com,Grocery,53738.15
16,Reagan,Gaspard,agaspardf@nature.com,Shoes,195951.38
17,Les,Kindell,lkindellg@who.int,Games,58511.76
18,Elly,Ayerst,eayersth@intel.com,Sports,122771.76
19,Abramo,Van Brug,avanbrugi@ibm.com,Games,106554.66
20,Brig,Isacsson,bisacssonj@mapquest.com,Music,158871.18
21,Chelsy,Imore,cimorek@answers.com,Industrial,197008.10
22,Emeline,Della Scala,edellascalal@nytimes.com,Computers,174693.82
23,Virgina,Viger,vvigerm@sakura.ne.jp,Baby,62133.18
24,Terrijo,Langstaff,tlangstaffn@umn.edu,Grocery,130929.26
25,Paule,Starrs,pstarrso@yale.edu,Electronics,113121.34
26,Harriet,Shoebrook,hshoebrookp@sciencedaily.com,Garden,121693.37
27,Gustie,Reavey,greaveyq@hp.com,Jewelery,78533.93
28,Stanley,Barneville,sbarneviller@microsoft.com,Music,133955.60
29,Petronia,Althorpe,palthorpes@hostgator.com,Computers,112058.27
30,Abbi,Prisk,apriskt@bbb.org,Baby,150394.78
31,Renado,Bullus,rbullusu@uol.com.br,Grocery,168130.83
32,Ashley,Olivier,aolivierv@i2i.jp,Books,198274.82
33,Emeline,Leeke,eleekew@last.fm,Music,159598.03
34,Gretna,Killingworth,gkillingworthx@shinystat.com,Garden,145110.25
35,Jacquie,Cottee,jcotteey@arizona.edu,Books,163705.46
36,Catina,Adkins,cadkinsz@huffingtonpost.com,Outdoors,83574.25
37,Wake,Sleath,wsleath10@google.com.au,Clothing,90528.52
38,Madelon,Ivushkin,mivushkin11@stanford.edu,Outdoors,89042.76
39,Beryle,Alphege,balphege12@hubpages.com,Home,89413.42
40,Zorana,Alven,zalven13@msu.edu,Garden,196460.69
41,Licha,Ciccarello,lciccarello14@buzzfeed.com,Books,196548.10
42,Richart,Kubatsch,rkubatsch15@uol.com.br,Clothing,119061.82
43,Axe,Kerrod,akerrod16@naver.com,Outdoors,158233.21
44,Sarah,O'Concannon,soconcannon17@kickstarter.com,Industrial,138119.75
45,Alix,Cashmore,acashmore18@hp.com,Music,127201.02
46,Etheline,Dumphy,edumphy19@mail.ru,Home,104256.86
47,Cayla,Bosher,cbosher1a@t.co,Sports,187550.51
48,Miner,Heggadon,mheggadon1b@istockphoto.com,Baby,66052.19
49,Clyve,Gundry,cgundry1c@walmart.com,Books,110870.61
50,Kennett,Davidi,kdavidi1d@twitter.com,Toys,164227.21
51,Giffie,Garmey,ggarmey1e@google.co.uk,Games,158286.89
52,Orlando,Kordes,okordes1f@hubpages.com,Computers,68688.42
53,Rhys,Caudelier,rcaudelier1g@geocities.com,Home,162098.08
54,Letti,Draxford,ldraxford1h@naver.com,Shoes,72188.89
55,Clywd,McGrah,cmcgrah1i@noaa.gov,Music,94682.86
56,Patty,Blackesland,pblackesland1j@storify.com,Clothing,121623.10
57,Erasmus,Joannet,ejoannet1k@salon.com,Tools,58121.47
58,Pearla,Keppel,pkeppel1l@ft.com,Music,55811.50
59,Amabelle,McLaren,amclaren1m@epa.gov,Shoes,116898.20
60,Arturo,Treadgall,atreadgall1n@google.ca,Music,74283.30
61,Noam,Burthom,nburthom1o@google.com.hk,Jewelery,78008.18
62,Toddie,Donnell,tdonnell1p@economist.com,Outdoors,60991.11
63,Moll,Gammons,mgammons1q@fastcompany.com,Garden,180428.38
64,Twyla,Rahill,trahill1r@salon.com,Grocery,155953.35
65,Shanie,Betteriss,sbetteriss1s@booking.com,Industrial,106855.04
66,Livvyy,Morgans,lmorgans1t@alibaba.com,Sports,65514.48
67,Aurie,Kwietak,akwietak1u@epa.gov,Garden,151189.30
68,Fidela,Warriner,fwarriner1v@rakuten.co.jp,Health,179306.32
69,Gail,Dreakin,gdreakin1w@stumbleupon.com,Games,181837.65
70,Judith,Baynam,jbaynam1x@wired.com,Garden,89681.41
71,Powell,Epsley,pepsley1y@seattletimes.com,Jewelery,128379.07
72,Elli,Forsythe,eforsythe1z@mysql.com,Health,161269.16
73,Margareta,Dibbe,mdibbe20@quantcast.com,Beauty,67179.02
74,Ricky,Hazelton,rhazelton21@mashable.com,Garden,112482.98
75,Melodee,Heinsh,mheinsh22@storify.com,Computers,183697.76
76,Amalie,Moden,amoden23@eepurl.com,Movies,71375.84
77,Dave,Abarough,dabarough24@nsw.gov.au,Games,67546.63
78,Essie,Calcott,ecalcott25@sciencedaily.com,Computers,147883.36
79,Deborah,Wildes,dwildes26@blinklist.com,Music,161505.33
80,Haily,Sweeney,hsweeney27@arizona.edu,Kids,143759.60
81,Graehme,Voules,gvoules28@infoseek.co.jp,Garden,131783.80
82,Kristen,Lombard,klombard29@comcast.net,Automotive,55854.36
83,Laurens,Brigge,lbrigge2a@slate.com,Automotive,127697.75
84,Richard,Goodliff,rgoodliff2b@spiegel.de,Computers,120070.46
85,Jonathon,Sackur,jsackur2c@bing.com,Outdoors,170718.59
86,Sarajane,Raun,sraun2d@thetimes.co.uk,Industrial,75516.29
87,Lorianne,Galliver,lgalliver2e@tinypic.com,Clothing,91539.29
88,Charlotta,Disney,cdisney2f@google.com,Beauty,68460.69
89,Anthiathia,Raden,araden2g@google.com.br,Automotive,76049.15
90,Alayne,Sarchwell,asarchwell2h@theatlantic.com,Home,170304.37
91,Madelon,Seavers,mseavers2i@umich.edu,Shoes,94838.41
92,Madelyn,Bengoechea,mbengoechea2j@toplist.cz,Music,56604.73
93,Preston,Drought,pdrought2k@blogtalkradio.com,Computers,186476.83
94,Jehu,Mollnar,jmollnar2l@scientificamerican.com,Grocery,176984.82
95,Rori,Mongeot,rmongeot2m@usgs.gov,Jewelery,155318.72
96,Rosabel,Hallbird,rhallbird2n@wikipedia.org,Kids,94128.22
97,Archy,Tylor,atylor2o@yahoo.co.jp,Outdoors,82840.54
98,Norma,Menezes,nmenezes2p@e-recht24.de,Clothing,153646.29
99,Jonie,Woodyer,jwoodyer2q@cocolog-nifty.com,Home,50489.57
100,Teodoor,Wones,twones2r@php.net,Games,132636.52
